{"cameraMode":{"drawMode":0,"name":"Shaded","section":"Shading Mode"},"sceneLighting":true,"audioPlay":false,"sceneViewState":{"m_AlwaysRefresh":false,"showFog":true,"showSkybox":true,"showFlares":true,"showImageEffects":true,"showParticleSystems":true,"showVisualEffectGraphs":true,"m_FxEnabled":true},"in2DMode":false,"pivot":{"x":-1.939415454864502,"y":-15.53582763671875,"z":31.323963165283204},"rotation":{"x":0.4451605975627899,"y":-0.041412029415369037,"z":0.02810174971818924,"w":0.8940513730049133},"size":30.919538497924806,"orthographic":false}